title,url,time_added,tags,status
chocolate peanut butter cake – smitten kitchen,https://smittenkitchen.com/2008/08/chocolate-peanut-butter-cake/,1596838918,,unread
grasshopper brownies – smitten kitchen,https://smittenkitchen.com/2008/12/grasshopper-brownies/,1552688827,,unread
braised beef short ribs – smitten kitchen,http://smittenkitchen.com/2008/12/braised-beef-short-ribs/,1609282331,,unread
devil’s chicken thighs   braised leeks – smitten kitchen,https://smittenkitchen.com/2009/02/devils-chicken-thighs-braised-leeks/,1540511574,,unread
http://smittenkitchen.com/2007/05/the-sunny-day-yawn/,http://smittenkitchen.com/2007/05/the-sunny-day-yawn/,1554560611,,unread
https://smittenkitchen.com/2009/05/raspberry-buttermilk-cake/,https://smittenkitchen.com/2009/05/raspberry-buttermilk-cake/,1605402958,,unread
https://www.simplyrecipes.com/recipes/prime_rib/,https://www.simplyrecipes.com/recipes/prime_rib/,1576443916,,unread
flower cupcakes – smitten kitchen,https://smittenkitchen.com/2006/10/all-better-now/,1550943728,,unread
black bean soup   toasted cumin seed crema – smitten kitchen,https://smittenkitchen.com/2010/01/black-bean-soup-toasted-cumin-seed-crema/,1612016867,,unread
Profiteroles Recipe - Joyofbaking.com *Tested Recipe*,http://www.joyofbaking.com/Profiteroles.html,1435502603,food,unread
https://www.simplyrecipes.com/recipes/strawberry_shortcake/,https://www.simplyrecipes.com/recipes/strawberry_shortcake/,1526938953,,unread
Real Spanish omelette recipe | BBC Good Food,https://www.bbcgoodfood.com/recipes/2738/real-spanish-omelette,1563041818,,unread
http://www.food.com/recipe/oatmeal-raisin-cookies-35813,http://www.food.com/recipe/oatmeal-raisin-cookies-35813,1469934395,,unread
https://www.mybakingaddiction.com/homemade-cherry-pie-filling-recipe/,https://www.mybakingaddiction.com/homemade-cherry-pie-filling-recipe/,1574938320,,unread
Dutch Apple Pie Recipe - Food.com,https://www.food.com/recipe/dutch-apple-pie-43990,1606045530,,unread
Oven Roasted Potatoes With Garlic And Rosemary Recipe - Food.com,http://www.food.com/recipe/oven-roasted-potatoes-with-garlic-and-rosemary-324890,1435502813,food,unread
Dinner: A Love Story Perfect Pizza Crust,http://www.dinneralovestory.com/perfect-pizza-crust/,1461413923,,unread
Classic San Francisco Sourdough Bread Recipe - Food.com,http://www.food.com/recipe/classic-san-francisco-sourdough-bread-154142,1469310082,,unread
Dinner: A Love Story Date Night Pizza,http://www.dinneralovestory.com/date-night-pizza/,1461413863,,unread
Lemon Rice Recipe - Food.com,http://www.food.com/recipe/lemon-rice-75113,1482957696,,unread
Pulled Pork Sandwiches - Big Green Egg,https://biggreenegg.com/recipes/pulled-pork-sandwiches/,1626526354,,unread
blueberry crumb bars | smitten kitchen,http://smittenkitchen.com/blog/2008/07/blueberry-crumb-bars/,1435502573,food,unread
crunchy baked pork chops | smitten kitchen,http://smittenkitchen.com/blog/2008/01/crunchy-baked-pork-chops/,1435502799,food,unread
spinach and chickpeas | smitten kitchen,http://smittenkitchen.com/blog/2010/03/spinach-and-chickpeas/,1457097325,,unread
peanut butter cookies | smitten kitchen,http://smittenkitchen.com/blog/2007/12/peanut-butter-cookies/,1435502708,food,unread
spinach and cheese strata | smitten kitchen,http://smittenkitchen.com/blog/2009/12/spinach-and-cheese-strata/,1457027857,recipies,unread
martha’s macaroni-and-cheese | smitten kitchen,http://smittenkitchen.com/blog/2008/05/marthas-macaroni-and-cheese/,1441034229,recipes,unread
"Frittata Recipe with Spinach, Bacon and Cheddar",http://culinaryarts.about.com/od/eggsdairy/r/spinbacchedfrit.htm,1435502659,food,unread
Fresh Green Beans With Garlic Recipe - Food.com,http://www.food.com/recipe/fresh-green-beans-with-garlic-12436#activity-feed,1492366978,,unread
Chipotle-Roasted Baby Carrots Recipe - Alex Stupak | Food & Wine,https://www.foodandwine.com/recipes/chipotle-roasted-baby-carrots,1620476646,,unread
carrot soup with tahini and crisped chickpeas | smitten kitchen,http://smittenkitchen.com/blog/2013/01/carrot-soup-with-tahini-and-crisped-chickpeas/,1435502738,food,unread
http://www.foodandwine.com/recipes/creamed-spinach,http://www.foodandwine.com/recipes/creamed-spinach,1557669993,,unread
The Best Carnitas {Mexican Pulled Pork} Recipe,http://www.centercutcook.com/the-best-carnitas-mexican-pulled-pork/,1435502722,food,unread
http://www.simplyrecipes.com/recipes/pasta_with_tuna_and_capers_in_white_wine_sauce/print/,http://www.simplyrecipes.com/recipes/pasta_with_tuna_and_capers_in_white_wine_sauce/print/,1489957950,,unread
Roasted Corn with Manchego and Lime Recipe | Bon Appetit,http://www.bonappetit.com/recipe/roasted-corn-with-manchego-and-lime,1494945125,,unread
cauliflower with brown butter crumbs | smitten kitchen,http://smittenkitchen.com/blog/2013/11/cauliflower-with-brown-butter-crumbs/,1435502744,food,unread
Slow Cooker Cranberry Pork Roast – New Leaf Wellness,http://newleafwellness.biz/2012/11/15/slow-cooker-cranberry-pork-roast/,1495052080,,unread
https://www.gimmesomeoven.com/how-to-make-snow-ice-cream-recipe/,https://www.gimmesomeoven.com/how-to-make-snow-ice-cream-recipe/,1644018080,,unread
Slow-Cooker Three Cheese Broccoli Soup recipe from Betty Crocker,http://www.bettycrocker.com/recipes/slow-cooker-three-cheese-broccoli-soup/7f3e972e-f269-4eea-b7d6-b72957a5b815,1473081060,,unread
Perfectly Grilled Steak Recipe : Bobby Flay : Food Network,http://www.foodnetwork.com/recipes/bobby-flay/perfectly-grilled-steak-recipe.html,1440956729,recipes,unread
Rosemary Roasted Potatoes Recipe : Ina Garten : Food Network,http://www.foodnetwork.com/recipes/ina-garten/rosemary-roasted-potatoes-recipe.html,1485196820,,unread
Pasta Dough for Ravioli Recipe : Tyler Florence : Food Network,http://www.foodnetwork.com/recipes/tyler-florence/pasta-dough-for-ravioli-recipe.html,1451490116,recipes,unread
Arugula Salad and Ultimate Vinaigrette Recipe : Tyler Florence : Food Netwo,http://www.foodnetwork.com/recipes/tyler-florence/arugula-salad-and-ultimate-vinaigrette-recipe.html,1466692170,recipies,unread
Caramelized Apple Slow Cooker Oatmeal - Nourishing Joy,http://nourishingjoy.com/caramelized-apple-slow-cooker-oatmeal/,1474721254,,unread
Peach and Strawberry Crumble Recipe : Giada De Laurentiis : Food Network,http://www.foodnetwork.com/recipes/giada-de-laurentiis/peach-and-strawberry-crumble-recipe.html,1441036076,recipes,unread
Lemon Blueberry Pancakes Recipe : Ree Drummond : Food Network,http://www.foodnetwork.com/recipes/ree-drummond/lemon-blueberry-pancakes-recipe.html,1463761866,,unread
"broccoli, cheddar and wild rice casserole | smitten kitchen",http://smittenkitchen.com/blog/2014/03/broccoli-cheddar-and-wild-rice-casserole/,1437831159,recipes,unread
https://www.emerils.com/126595/passover-brisket,https://www.emerils.com/126595/passover-brisket,1576443127,,unread
http://www.rickbayless.com/recipe/chilaquiles-for-a-crowd/,http://www.rickbayless.com/recipe/chilaquiles-for-a-crowd/,1451665489,recipes,unread
Grilled Watermelon Salad Recipe : Claire Robinson : Food Network,http://www.foodnetwork.com/recipes/claire-robinson/grilled-watermelon-salad-recipe.html,1468076517,,unread
pasta and fried zucchini salad | smitten kitchen,http://smittenkitchen.com/blog/2014/06/pasta-and-fried-zucchini-salad/#more-11947,1435502792,food,unread
No-Knead Bread Recipe - NYT Cooking,http://cooking.nytimes.com/recipes/11376-no-knead-bread,1459608123,recipies,unread
http://www.foodnetwork.com/recipes/alton-brown/the-baked-potato-recipe1.html,http://www.foodnetwork.com/recipes/alton-brown/the-baked-potato-recipe1.html,1460235830,,unread
Apple Pie Recipe - NYT Cooking,https://cooking.nytimes.com/recipes/12320-apple-pie,1542829941,,unread
Twice-Baked Sour Cherry Pie Recipe - NYT Cooking,https://cooking.nytimes.com/recipes/1013181-twice-baked-sour-cherry-pie,1542829954,,unread
Better Than Sex Brisket Recipe - GrillGirl,https://grillgirl.com/2013/01/better-than-sex-brisket-recipe/,1626136268,,unread
The Best Crockpot Chicken Noodle Soup - Family Fresh Meals,http://www.familyfreshmeals.com/2014/10/best-crockpot-chicken-noodle-soup.html,1463585428,,unread
Sausage and White Bean Casserole Recipe | Real Simple,https://www.realsimple.com/food-recipes/browse-all-recipes/sausage-white-bean-casserole-recipe,1490485061,,unread
https://www.myrecipes.com/recipe/grapefruit-walnut-feta-salad,https://www.myrecipes.com/recipe/grapefruit-walnut-feta-salad,1573326889,,unread
Recipe: Cheesy Mashed Potato Puffs | Kitchn,http://www.thekitchn.com/thanksgiving-leftovers-recipe-mashed-potato-puffs-recipes-from-the-kitchn-133358,1493057325,,unread
Crock Pot Juicy Italian Wedding Meatballs Recipe - Food.com,https://www.food.com/recipe/crock-pot-italian-wedding-soup-193205,1615646451,,unread
https://www.tasteofhome.com/recipes/broccoli-ham-bake/,https://www.tasteofhome.com/recipes/broccoli-ham-bake/,1545573469,,unread
"Roasted Butternut Squash Ravioli with Sage, Hazelnut and Brown Butter Sauce",http://www.foodnetwork.com/recipes/bobby-flay/roasted-butternut-squash-ravioli-with-sage-hazelnut-and-brown-butter-sauce-recipe.html,1451490090,recipes,unread
Julia Child's Potato Dauphinois Gratin,http://www.recipetineats.com/julia-childs-potato-dauphinois-gratin-potato-bake/,1440956662,recipes,unread
Classic Chocolate Layer Cake Recipe | Real Simple,http://www.realsimple.com/food-recipes/browse-all-recipes/classic-chocolate-layer-cake-recipe,1487519521,,unread
Seared Scallops with Lemon Orzo Recipe | MyRecipes,http://www.myrecipes.com/recipe/seared-scallops-with-lemon-orzo,1483113581,,unread
http://saltandwind.com/recipes/186-croque-monsieur-savory-bread-pudding-recipe,http://saltandwind.com/recipes/186-croque-monsieur-savory-bread-pudding-recipe,1562339843,,unread
"Sausage, Cheese and Basil Lasagna Recipe | Epicurious.com",http://www.epicurious.com/recipes/food/views/sausage-cheese-and-basil-lasagna-103005,1435502589,food,unread
Mixed Berry Crisp Recipe | Epicurious.com,http://www.epicurious.com/recipes/food/views/mixed-berry-crisp-101940,1441036386,recipes,unread
All-Occasion Punch Recipe | Taste of Home,https://www.tasteofhome.com/recipes/all-occasion-punch,1514744854,,unread
Grilled Broccoli | Stephanie Izard,http://www.stephanieizard.com/recipes/grilled_broccoli/,1462633073,,unread
Carrot Zucchini Bread - Averie Cooks,http://www.averiecooks.com/2015/03/carrot-zucchini-bread.html,1435503111,food,unread
Lemon Broccoli Pasta   Exciting News! Recipe - Love and Lemons,http://www.loveandlemons.com/2015/03/23/lemon-broccoli-pasta-exciting-news/,1435501859,food,unread
https://www.evernote.com/shard/s208/sh/632ebf49-997a-4ef7-ba61-ef07340bea3f/c47bba7a44b67912bba031345dea4451,https://www.evernote.com/shard/s208/sh/632ebf49-997a-4ef7-ba61-ef07340bea3f/c47bba7a44b67912bba031345dea4451,1435502498,,archive
https://www.evernote.com/shard/s208/sh/66468249-d520-4ed4-b9d5-5c191572f847/6209eace9cbd7aa40aef82f99ced2011,https://www.evernote.com/shard/s208/sh/66468249-d520-4ed4-b9d5-5c191572f847/6209eace9cbd7aa40aef82f99ced2011,1435502202,,unread
https://www.evernote.com/shard/s208/sh/86fb836e-6357-4166-805f-d385dfdcd158/804cf8fef27784977c06ce5eac0bcf30,https://www.evernote.com/shard/s208/sh/86fb836e-6357-4166-805f-d385dfdcd158/804cf8fef27784977c06ce5eac0bcf30,1435502251,,unread
https://www.evernote.com/shard/s208/sh/87b45f8b-ae76-4cd4-bc74-ace08c052a17/48c6e2dbe89373307cabd1716850917e,https://www.evernote.com/shard/s208/sh/87b45f8b-ae76-4cd4-bc74-ace08c052a17/48c6e2dbe89373307cabd1716850917e,1435502260,,archive
https://www.evernote.com/shard/s208/sh/56daf599-4401-4db4-ab48-55442d0c3c10/b93d7aeaab22f40a3c1f945bb1dc433a,https://www.evernote.com/shard/s208/sh/56daf599-4401-4db4-ab48-55442d0c3c10/b93d7aeaab22f40a3c1f945bb1dc433a,1435502281,,unread
https://www.evernote.com/shard/s208/sh/43b70d43-be7a-4132-b7ea-ea726810ad97/1c2eb6aa87de54e1315f159dc926a7f9,https://www.evernote.com/shard/s208/sh/43b70d43-be7a-4132-b7ea-ea726810ad97/1c2eb6aa87de54e1315f159dc926a7f9,1435502299,,archive
https://www.evernote.com/shard/s208/sh/b280e0bb-58d6-4e6e-ad74-34f92601dd05/c44f963b83b1872b18ccc767eae89511,https://www.evernote.com/shard/s208/sh/b280e0bb-58d6-4e6e-ad74-34f92601dd05/c44f963b83b1872b18ccc767eae89511,1435502311,,archive
https://www.evernote.com/shard/s208/sh/cf633d83-6e5c-455f-b903-426ffc709b03/ce56e4594194701eebafda70c2eacfa5,https://www.evernote.com/shard/s208/sh/cf633d83-6e5c-455f-b903-426ffc709b03/ce56e4594194701eebafda70c2eacfa5,1435502325,,archive
https://www.evernote.com/shard/s208/sh/781fbfa1-5e9c-4609-a0a0-f1915f145d5d/1aafad1dc50c48f7d22b4f3696197e74,https://www.evernote.com/shard/s208/sh/781fbfa1-5e9c-4609-a0a0-f1915f145d5d/1aafad1dc50c48f7d22b4f3696197e74,1435502336,,archive
https://www.evernote.com/shard/s208/sh/cfea4de3-bda3-4c1d-b813-50a6c303a092/764f0e0bacb6ee15b3c84025c7880a1c,https://www.evernote.com/shard/s208/sh/cfea4de3-bda3-4c1d-b813-50a6c303a092/764f0e0bacb6ee15b3c84025c7880a1c,1435502346,,archive
https://www.evernote.com/shard/s208/sh/ac7d7d8f-660d-4559-b9fa-b38d4121004e/5f7a77e1da7bdac73a1ea2fc38b6842a,https://www.evernote.com/shard/s208/sh/ac7d7d8f-660d-4559-b9fa-b38d4121004e/5f7a77e1da7bdac73a1ea2fc38b6842a,1435502356,,archive
https://www.evernote.com/shard/s208/sh/39b7ddc6-1b7f-4e04-8120-62fadc421cf3/2964c5318f15dee7eccf5207cbb93850,https://www.evernote.com/shard/s208/sh/39b7ddc6-1b7f-4e04-8120-62fadc421cf3/2964c5318f15dee7eccf5207cbb93850,1435502370,,archive
https://www.evernote.com/shard/s208/sh/373de12e-dc9a-4c41-99ac-82dd8bdbc836/4f17dc1628af7648b17e3db0416c4386,https://www.evernote.com/shard/s208/sh/373de12e-dc9a-4c41-99ac-82dd8bdbc836/4f17dc1628af7648b17e3db0416c4386,1435502377,,archive
https://www.evernote.com/shard/s208/sh/d6c38639-35c5-4407-af9c-4047b85a3d66/5975de75e1a79b0cf1897d27b99289ea,https://www.evernote.com/shard/s208/sh/d6c38639-35c5-4407-af9c-4047b85a3d66/5975de75e1a79b0cf1897d27b99289ea,1435502384,,archive
https://www.evernote.com/shard/s208/sh/001272bf-e9da-4f01-b6e0-19d25d5db2c3/75c69fe49f91c5ad6aa30ff8cad8388e,https://www.evernote.com/shard/s208/sh/001272bf-e9da-4f01-b6e0-19d25d5db2c3/75c69fe49f91c5ad6aa30ff8cad8388e,1435502391,,archive
https://www.evernote.com/shard/s208/sh/64210bf9-8b41-49f9-b32c-7d12de6fb6cb/9f9997b6ecf9448d6d7ebb9c7690d783,https://www.evernote.com/shard/s208/sh/64210bf9-8b41-49f9-b32c-7d12de6fb6cb/9f9997b6ecf9448d6d7ebb9c7690d783,1435502399,,archive
https://www.evernote.com/shard/s208/sh/d3528057-1ea6-4718-9162-5107e7bb1757/66bcfa46911033e68c4c53dd145720e7,https://www.evernote.com/shard/s208/sh/d3528057-1ea6-4718-9162-5107e7bb1757/66bcfa46911033e68c4c53dd145720e7,1435502412,,archive
Gemelli with Asparagus & Sausage,http://www.bhg.com/recipe/pasta/gemelli-with-asparagus-sausage/,1435502645,food,unread
https://cooking.nytimes.com/recipes/11823-strawberry-shortcake,https://cooking.nytimes.com/recipes/11823-strawberry-shortcake,1636140105,,unread
Just a Taste Cheesy Leftover Mashed Potato Pancakes Recipe,http://www.justataste.com/cheesy-leftover-mashed-potato-pancakes-recipe/print,1456167544,,unread
https://www.tasteofhome.com/recipes/cuban-sliders/,https://www.tasteofhome.com/recipes/cuban-sliders/,1637946988,,unread
Recipe: Slow Cooker Chicken Burrito Bowls | Kitchn,https://www.thekitchn.com/recipe-slow-cooker-chicken-burrito-bowls-207333,1548459611,,unread
Sun-Dried Tomato Risotto With Mozzarella Recipe - Italian.Food.com,http://italian.food.com/recipe/sun-dried-tomato-risotto-with-mozzarella-280463,1441035244,recipes,unread
Pan Seared Salmon I Recipe - Allrecipes.com,http://allrecipes.com/recipe/21736/pan-seared-salmon-i/,1456845784,,unread
https://www.allrecipes.com/recipe/14685/slow-cooker-beef-stew-i/,https://www.allrecipes.com/recipe/14685/slow-cooker-beef-stew-i/,1616531871,,unread
Slow Cooker Chili II Recipe - Allrecipes.com,http://allrecipes.com/recipe/48449/slow-cooker-chili-ii/,1480678136,,unread
Baked Salmon II Recipe - Allrecipes.com,http://allrecipes.com/recipe/34746/baked-salmon-ii/,1475337889,,unread
https://www.allrecipes.com/recipe/221958/chef-johns-perfect-prime-rib/,https://www.allrecipes.com/recipe/221958/chef-johns-perfect-prime-rib/,1576443728,,unread
https://www.allrecipes.com/recipe/32385/best-lemonade-ever/,https://www.allrecipes.com/recipe/32385/best-lemonade-ever/,1595162468,,unread
https://www.allrecipes.com/recipe/149975/beer-brats/,https://www.allrecipes.com/recipe/149975/beer-brats/,1598185854,,unread
Chicken Parmesan Recipe - Allrecipes.com | Allrecipes,https://www.allrecipes.com/recipe/223042/chicken-parmesan/,1579977948,,unread
https://www.allrecipes.com/recipe/10549/best-brownies/,https://www.allrecipes.com/recipe/10549/best-brownies/,1549631411,,unread
Perfect Pumpkin Pie Recipe | Allrecipes,https://www.allrecipes.com/recipe/23439/perfect-pumpkin-pie/,1606045269,,unread
Grilled Salmon I Recipe - Allrecipes.com,http://allrecipes.com/recipe/12720/grilled-salmon-i/,1468076511,,unread
Fresh Cherry Cobbler Recipe - Allrecipes.com,http://allrecipes.com/recipe/72815/fresh-cherry-cobbler/,1502381910,,unread
Black Beans and Rice Recipe - Allrecipes.com,http://allrecipes.com/recipe/15559/black-beans-and-rice/,1501875210,,unread
Sauteed Apples Recipe - Allrecipes.com,https://www.allrecipes.com/recipe/21672/sauteed-apples/,1550944518,,unread
Slow-Cooker Corned Beef and Cabbage Recipe - Allrecipes.com,https://www.allrecipes.com/recipe/84270/slow-cooker-corned-beef-and-cabbage/,1521218112,,unread
https://www.allrecipes.com/recipe/233169/shredded-apple-carrot-salad/,https://www.allrecipes.com/recipe/233169/shredded-apple-carrot-salad/,1574593907,,unread
Buttery Garlic Green Beans | Allrecipes,https://www.allrecipes.com/recipe/230103/buttery-garlic-green-beans/,1626135016,,unread
Recipe: Diner-Style Breakfast Potatoes — Recipes from The Kitchn | The Kitc,http://www.thekitchn.com/recipe-diner-style-breakfast-potatoes-223999#recipe,1463836621,,unread
Potato Waffles Recipe - Allrecipes.com,http://allrecipes.com/recipe/220890/potato-waffles/,1456063118,,unread
roasted butternut squash with brown sugar bacon   some leftover inspiration,http://www.theclevercarrot.com/2013/10/roasted-butternut-squash-with-brown-sugar-bacon-some-leftover-inspiration/,1451755825,recipes,unread
https://www.allrecipes.com/recipe/9840/sugar-cookie-frosting/,https://www.allrecipes.com/recipe/9840/sugar-cookie-frosting/,1671282444,,unread
Creamed Spinach Recipe - NYT Cooking,https://cooking.nytimes.com/recipes/1154-creamed-spinach,1512756437,,unread
https://www.allrecipes.com/recipe/15820/puppy-chow/,https://www.allrecipes.com/recipe/15820/puppy-chow/,1645391997,,unread
Italian Peas Recipe - Allrecipes.com,https://www.allrecipes.com/recipe/90209/italian-peas/,1579970555,,unread
Slow Cooker Pulled Pork Recipe - Allrecipes.com,http://allrecipes.com/recipe/141678/slow-cooker-pulled-pork/?internalSource=recipe%20hub&referringId=253&referringContentType=recipe%20hub,1460213822,,unread
"French Silk Pie, Step-by-Step | The Pioneer Woman",http://thepioneerwoman.com/cooking/french-silk-pie-step-by-step/,1483114028,,unread
Taco Bake II Recipe - Allrecipes.com,http://allrecipes.com/recipe/26667/taco-bake-ii/,1497035840,,unread
https://www.allrecipes.com/recipe/15373/best-ever-blueberry-cobbler/,https://www.allrecipes.com/recipe/15373/best-ever-blueberry-cobbler/,1592139353,,unread
Slow Cooker Machaca Recipe - Allrecipes.com,http://allrecipes.com/recipe/159881/slow-cooker-machaca/,1509630879,,unread
Printable Recipes,http://thepioneerwoman.com/cooking/perfect-potatoes-au-gratin/?printable_recipe=11483,1472303001,,unread
Butternut Squash Agnolotti with Toasted Hazelnut Cream Sauce | I Can Cook T,http://www.icancookthat.org/2012/07/butternut-squash-agnolotti-with-toasted-hazelnut-cream-sauce.html,1451490061,recipes,unread
Daddy's Hamburgers and Friday Faves - foodiecrush,http://www.foodiecrush.com/daddys-hamburgers/,1460220797,,unread
Jicama Mango Salad with Cilantro and Lime Recipe | Allrecipes,https://www.allrecipes.com/recipe/233495/jicama-mango-salad-with-cilantro-and-lime/,1618598964,,unread
Enchilada Casserole III Recipe - Allrecipes.com,http://allrecipes.com/recipe/26602/enchilada-casserole-iii/,1479052628,,unread
Crockpot Thai Chicken Curry | The Endless Meal®,https://www.theendlessmeal.com/crock-pot-thai-chicken-curry/,1621602825,,unread
Recipe: Fried Brussels Sprouts with Pepper Jelly | Po' Boy Livin' Rich,http://poboylivinrich.com/2013/03/12/recipe-fried-brussels-sprouts-with-pepper-jelly/,1457472919,,unread
https://www.allrecipes.com/recipe/233413/peas-and-pancetta/,https://www.allrecipes.com/recipe/233413/peas-and-pancetta/,1589104601,,unread
Classic Carrot Cake with Fluffy Cream Cheese Frosting,https://www.foodandwine.com/recipes/classic-carrot-cake-fluffy-cream-cheese-frosting,1716058361,,unread
https://www.allrecipes.com/recipe/228824/lemon-asparagus-risotto/,https://www.allrecipes.com/recipe/228824/lemon-asparagus-risotto/,1589104580,,unread
http://www.thebrewerandthebaker.com/archives/1552,http://www.thebrewerandthebaker.com/archives/1552,1517083812,,unread
https://cooking.nytimes.com/recipes/1018180-perfect-buttermilk-pancakes,https://cooking.nytimes.com/recipes/1018180-perfect-buttermilk-pancakes,1643481559,,unread
Grilled Fruit with Honeyed Lemon Thyme Vinegar Recipe - Dan Barber | Food &,http://www.foodandwine.com/recipes/grilled-fruit-honeyed-lemon-thyme-vinegar,1468073648,,unread
spaghetti pie with pecorino and black pepper – smitten kitchen,https://smittenkitchen.com/2016/01/spaghetti-pie-with-pecorino-and-black-pepper/,1612016760,,unread
baked pasta with broccoli rabe and sausage – smitten kitchen,https://smittenkitchen.com/2013/09/baked-pasta-with-broccoli-rabe-and-sausage/,1485554270,,unread
sheet pan chicken tikka – smitten kitchen,https://smittenkitchen.com/2016/04/sheet-pan-chicken-tikka/,1496434511,,unread
https://www.simplyrecipes.com/recipes/grilled_mexican_street_corn_elotes/,https://www.simplyrecipes.com/recipes/grilled_mexican_street_corn_elotes/,1594251463,,unread
http://damndelicious.net/2016/08/19/lemon-dill-salmon-foil/,http://damndelicious.net/2016/08/19/lemon-dill-salmon-foil/,1495914583,,unread
https://smittenkitchen.com/2013/03/coconut-bread/,https://smittenkitchen.com/2013/03/coconut-bread/,1644601336,,unread
Eggs Florentine with Smoky Mornay Sauce Recipe - Justin Chapple | Food & Wi,http://www.foodandwine.com/recipes/eggs-florentine-smoky-mornay-sauce,1494537238,,unread
Cilantro Lime Rice Recipe (with Video),https://www.simplyrecipes.com/recipes/cilantro_lime_rice/,1618599038,,unread
skillet-baked pasta with five cheeses – smitten kitchen,https://smittenkitchen.com/2016/10/skillet-baked-pasta-with-five-cheeses/,1496433716,,unread
Classic Green Bean Casserole Recipe | Campbell's Kitchen,https://www.campbells.com/kitchen/recipes/classic-green-bean-casserole/,1545486030,,unread
"roasted cauliflower with pumpkin seeds, brown butter and lime – smitten kit",https://smittenkitchen.com/2016/11/roasted-cauliflower-with-pumpkin-seeds-brown-butter-and-lime/,1540510772,,unread
https://www.supercall.com/recipe/paloma,https://www.supercall.com/recipe/paloma,1561814733,,unread
The Best Classic Meatloaf - The Wholesome Dish,https://www.thewholesomedish.com/the-best-classic-meatloaf/,1578158174,,unread
Slow Cooker Tomato Basil Parmesan Soup,http://www.lecremedelacrumb.com/slow-cooker-tomato-basil-parmesan-soup/,1483310369,,unread
How to Make Prosecco Punch Recipe | Tasting Table,https://www.tastingtable.com/cook/recipes/prosecco-punch-recipe-new-years-sparkling-wine-cocktail,1609279282,,unread
jacked-up banana bread – smitten kitchen,https://smittenkitchen.com/2006/11/jacked-up-banana-bread/,1605369594,,unread
Chocolate Cupcakes with Orange Buttercream Frosting - Frugal Mom Eh!,http://www.frugalmomeh.com/2015/10/chocolate-cupcakes-with-orange-buttercream-frosting.html,1487519294,,unread
Sesame-Carrot Salad Recipe | MyRecipes,https://www.myrecipes.com/recipe/sesame-carrot-salad,1657900728,,unread
https://tastesbetterfromscratch.com/triple-berry-pie/,https://tastesbetterfromscratch.com/triple-berry-pie/,1637842039,,unread
Garlic Parmesan Roasted Cauliflower - Primavera Kitchen,http://www.primaverakitchen.com/garlic-parmesan-roasted-cauliflower/,1501692695,,unread
Lemon Spaghetti Recipe | Giada De Laurentiis | Food Network,https://www.foodnetwork.com/recipes/giada-de-laurentiis/lemon-spaghetti-recipe-1915566,1615044711,,unread
https://www.foodnetwork.com/recipes/ina-garten/real-meatballs-and-spaghetti-recipe-1946027,https://www.foodnetwork.com/recipes/ina-garten/real-meatballs-and-spaghetti-recipe-1946027,1555757594,,unread
https://www.foodnetwork.com/recipes/ina-garten/roasted-brussels-sprouts-recipe2-1941953,https://www.foodnetwork.com/recipes/ina-garten/roasted-brussels-sprouts-recipe2-1941953,1601138169,,unread
https://cooking.nytimes.com/recipes/1778-penne-with-roasted-cherry-tomatoes,https://cooking.nytimes.com/recipes/1778-penne-with-roasted-cherry-tomatoes,1630535771,,unread
https://www.foodnetwork.com/recipes/cherry-pie-recipe-1913275,https://www.foodnetwork.com/recipes/cherry-pie-recipe-1913275,1624964437,,unread
https://www.foodnetwork.com/recipes/neelys-bbq-sauce-recipe-1937392,https://www.foodnetwork.com/recipes/neelys-bbq-sauce-recipe-1937392,1588431494,,unread
Chicken Piccata Recipe | Giada De Laurentiis | Food Network,https://www.foodnetwork.com/recipes/giada-de-laurentiis/chicken-piccata-recipe2-1913809,1550946533,,unread
https://www.foodnetwork.com/recipes/food-network-kitchen/frozen-fruit-smoothies-recipe-1914927,https://www.foodnetwork.com/recipes/food-network-kitchen/frozen-fruit-smoothies-recipe-1914927,1600606207,,unread
Asparagus and Chicken Stir-fry Recipe | Food Network Kitchen | Food Network,https://www.foodnetwork.com/recipes/food-network-kitchen/asparagus-and-chicken-stir-fry-recipe-1928150,1662076621,,unread
Sugar Cookies Recipe | Alton Brown | Food Network,https://www.foodnetwork.com/recipes/alton-brown/sugar-cookies-recipe-1914697,1575672565,,unread
https://www.foodnetwork.com/recipes/alton-brown/seared-scallops-recipe-1916984,https://www.foodnetwork.com/recipes/alton-brown/seared-scallops-recipe-1916984,1589119402,,unread
http://www.foodnetwork.com/recipes/paula-deen/corn-and-asparagus-salad-recipe-1945091,http://www.foodnetwork.com/recipes/paula-deen/corn-and-asparagus-salad-recipe-1945091,1495917701,,unread
https://raw.githubusercontent.com/wwells/Recipies/master/BananaBread.png,https://raw.githubusercontent.com/wwells/Recipies/master/BananaBread.png,1688491963,,unread
https://raw.githubusercontent.com/wwells/Recipies/master/Sourdough.png,https://raw.githubusercontent.com/wwells/Recipies/master/Sourdough.png,1702144716,,unread
Fish Tacos Recipe | Bobby Flay | Food Network,https://www.foodnetwork.com/recipes/bobby-flay/fish-tacos-recipe-1940773,1593883835,,unread
Lemon Orzo Recipe | Food Network Kitchen | Food Network,https://www.foodnetwork.com/recipes/food-network-kitchen/lemon-orzo-recipe-2106041,1673706844,,unread
Butternut Squash Lasagna,https://www.foodnetwork.com/recipes/giada-de-laurentiis/butternut-squash-lasagna-recipe-1943375,1696186138,,unread
Classic Deviled Eggs Recipe - NYT Cooking,https://cooking.nytimes.com/recipes/6866-classic-deviled-eggs?action=click&module=Collection%20Page%20Recipe%20Card&region=Our%20Best%20Summer%20Cookout%20Appetizers&pgType=collection&rank=5,1499078299,,unread
confetti party cake – smitten kitchen,https://smittenkitchen.com/2017/07/confetti-party-cake/,1642805703,,unread
Mario Batali’s Penne all’Arrabbiata Recipe - NYT Cooking,https://cooking.nytimes.com/recipes/1015236-mario-batalis-penne-allarrabbiata?action=click&module=Collection%20Page%20Recipe%20Card&region=What%20to%20Cook%20When%20You%27d%20Rather%20Be%20Doing%20Anything%20Else&pgType=collection&rank=22,1501249616,,unread
https://www.allrecipes.com/recipe/246917/sams-sourdough-waffles/,https://www.allrecipes.com/recipe/246917/sams-sourdough-waffles/,1628339284,,unread
https://www.fromvalerieskitchen.com/jiffy-mexican-style-cornbread/,https://www.fromvalerieskitchen.com/jiffy-mexican-style-cornbread/,1575028531,,unread
Chicken Satay Stir-Fry with Orange Scented Jasmine Rice Recipe | Rachael Ra,https://www.foodnetwork.com/recipes/rachael-ray/chicken-satay-stir-fry-with-orange-scented-jasmine-rice-recipe-1942067,1662129193,,unread
Recipe: Spicy Pan-Fried Chicken with Corn on the Cob & Tomato Salad - Blue ,https://www.blueapron.com/recipes/spicy-pan-fried-chicken-with-corn-on-the-cob-tomato-salad,1505827738,,unread
Best Cheesy Garlic Butter Potatoes Recipe - How to Make Cheesy Garlic Butte,https://www.delish.com/cooking/recipe-ideas/recipes/a55051/garlic-butter-potatoes-recipe/,1642807003,,unread
https://tasty.co/recipe/crispy-creamy-chicken-cordon-bleu,https://tasty.co/recipe/crispy-creamy-chicken-cordon-bleu,1605403246,,unread
Slow Cooker Chicken Noodle Soup Recipe - Genius Kitchen,http://www.geniuskitchen.com/recipe/slow-cooker-chicken-noodle-soup-198707,1518277109,,unread
https://www.foodnetwork.com/recipes/sandra-lee/prime-rib-au-jus-recipe-1924117,https://www.foodnetwork.com/recipes/sandra-lee/prime-rib-au-jus-recipe-1924117,1576944884,,unread
Slow-Roasted Citrus Salmon With Herb Salad Recipe - NYT Cooking,https://cooking.nytimes.com/recipes/1018972-slow-roasted-citrus-salmon-with-herb-salad,1625949028,,unread
Cast Iron Skillet Fillet Mignon Recipe - Genius Kitchen,http://www.geniuskitchen.com/recipe/cast-iron-skillet-fillet-mignon-526222,1526139917,,unread
https://www.kingarthurflour.com/recipes/sourdough-focaccia-recipe,https://www.kingarthurflour.com/recipes/sourdough-focaccia-recipe,1589380541,,unread
Hasselback Butternut Squash with Bay Leaves Recipe | Bon Appetit,https://www.bonappetit.com/recipe/hasselback-butternut-squash-with-bay-leaves?mbid=Social_Facebook_Video_Status,1514726260,,unread
Glazed Baby Carrots Recipe | Anne Burrell | Food Network,http://www.foodnetwork.com/recipes/anne-burrell/glazed-baby-carrots-recipe-1949414,1512254368,,unread
https://www.tasteofhome.com/recipes/blueberry-pie-with-lemon-crust/,https://www.tasteofhome.com/recipes/blueberry-pie-with-lemon-crust/,1637523259,,unread
https://biggreenegg.com/recipes/herb-wrapped-beef-tenderloin/,https://biggreenegg.com/recipes/herb-wrapped-beef-tenderloin/,1636140016,,unread
Eggs Benedict with Hollandaise Sauce - Tastes Better From Scratch,https://tastesbetterfromscratch.com/eggs-benedict-with-homemade-hollandaise-sauce/,1620477557,,unread
https://www.pauladeen.com/recipe/ham-salad/,https://www.pauladeen.com/recipe/ham-salad/,1545579760,,unread
luxe butterscotch pudding – smitten kitchen,https://smittenkitchen.com/2018/03/luxe-butterscotch-pudding/,1540510282,,unread
Smashed Cucumber Salad with Za'atar and Feta,https://www.bonappetit.com/recipe/smashed-cucumber-salad-with-zaatar-and-feta,1715253848,,unread
chilaquiles brunch casserole – smitten kitchen,https://smittenkitchen.com/2018/05/chilaquiles-brunch-casserole/,1540510206,,unread
https://www.allrecipes.com/recipe/244272/perfect-grilled-tofu/,https://www.allrecipes.com/recipe/244272/perfect-grilled-tofu/,1561814874,,unread
Korean Ground Beef and Rice Bowls | The Recipe Critic,https://therecipecritic.com/korean-ground-beef-rice-bowls/,1608406124,,unread
How to Make Crockpot BBQ Chicken:,https://natashaskitchen.com/slow-cooker-bbq-chicken-recipe/,1693593841,,unread
https://www.supercall.com/recipe/bourbon-rickey-recipe,https://www.supercall.com/recipe/bourbon-rickey-recipe,1561823318,,unread
https://www.findingzest.com/parmesan-baked-steelhead-trout-recipe/,https://www.findingzest.com/parmesan-baked-steelhead-trout-recipe/,1601302016,,unread
https://cooking.nytimes.com/recipes/1019382-skillet-chicken-with-white-beans-and-caramelized-lemon?smid=nytcore-ios-share,https://cooking.nytimes.com/recipes/1019382-skillet-chicken-with-white-beans-and-caramelized-lemon?smid=nytcore-ios-share,1536403743,,unread
Apple-Gouda Pigs in a Blanket,https://www.tasteofhome.com/recipes/apple-gouda-pigs-in-a-blanket/,1702844773,,unread
https://cooking.nytimes.com/recipes/1019262-beef-and-broccoli?smid=nytcore-ios-share,https://cooking.nytimes.com/recipes/1019262-beef-and-broccoli?smid=nytcore-ios-share,1544909059,,unread
New England Bean & Bog Cassoulet Recipe | Taste of Home,https://www.tasteofhome.com/recipes/new-england-bean-bog-cassoulet/,1583010769,,unread
https://www.bonappetit.com/recipe/pasta-al-limone,https://www.bonappetit.com/recipe/pasta-al-limone,1595161075,,unread
https://cooking.nytimes.com/recipes/1019577-chicken-francese?smid=nytcore-ios-share,https://cooking.nytimes.com/recipes/1019577-chicken-francese?smid=nytcore-ios-share,1544909072,,unread
https://raw.githubusercontent.com/wwells/Recipies/master/OvernightWaffles.png,https://raw.githubusercontent.com/wwells/Recipies/master/OvernightWaffles.png,1538177134,,unread
crispy spinach pizza – smitten kitchen,https://smittenkitchen.com/2018/10/crispy-spinach-pizza/,1540502857,,unread
https://www.thereciperebel.com/wprm_print/9623,https://www.thereciperebel.com/wprm_print/9623,1538929712,,unread
https://sallysbakingaddiction.com/baked-apple-cider-donuts/,https://sallysbakingaddiction.com/baked-apple-cider-donuts/,1631489551,,unread
https://sallysbakingaddiction.com/pineapple-upside-cake/,https://sallysbakingaddiction.com/pineapple-upside-cake/,1640960669,,unread
candy pork – smitten kitchen,https://smittenkitchen.com/2018/10/candy-pork/,1541272140,,unread
French Canadian-Style Crock Pot Split Pea Soup Recipe,https://www.thespruceeats.com/slow-cooker-split-pea-soup-recipe-3055797,1556271876,,unread
Print Recipe,http://californiabountiful.com/recipes/print.aspx?cardsize=811&rID=909,1542135921,,unread
Spiced Chickpea Stew With Coconut and Turmeric Recipe - NYT Cooking,https://cooking.nytimes.com/recipes/1019772-spiced-chickpea-stew-with-coconut-and-turmeric,1581783737,,unread
https://cooking.nytimes.com/recipes/1018758-middle-school-tacos?smid=nytcore-ios-share,https://cooking.nytimes.com/recipes/1018758-middle-school-tacos?smid=nytcore-ios-share,1564329356,,unread
Basil-Garlic Grilled Pork Chops Recipe - Allrecipes.com,https://www.allrecipes.com/recipe/218074/basil-garlic-grilled-pork-chops/?internalSource=hub%20recipe&referringId=16974&referringContentType=Recipe%20Hub,1550944375,,unread
https://cooking.nytimes.com/recipes/1019982-creamy-braised-white-beans?smid=nytcore-ios-share,https://cooking.nytimes.com/recipes/1019982-creamy-braised-white-beans?smid=nytcore-ios-share,1560084733,,unread
perfect meatballs and spaghetti – smitten kitchen,https://smittenkitchen.com/2019/03/perfect-meatballs-and-spaghetti/,1739628705,,unread
Watermelon Salad with Feta,https://www.loveandlemons.com/watermelon-salad/,1693593886,,unread
Best Gazpacho Recipe - NYT Cooking,https://cooking.nytimes.com/recipes/1017577-best-gazpacho?action=click&module=Collection%20Page%20Recipe%20Card&region=53%20Recipes%20for%2090-Degree%20Days&pgType=collection&rank=4,1563041512,,unread
https://cooking.nytimes.com/recipes/1020347-huli-huli-chicken?smid=ck-recipe-iOS-share,https://cooking.nytimes.com/recipes/1020347-huli-huli-chicken?smid=ck-recipe-iOS-share,1590357605,,unread
https://cooking.nytimes.com/recipes/1020370-pasta-with-zucchini-feta-and-fried-lemon?smid=nytcore-ios-share,https://cooking.nytimes.com/recipes/1020370-pasta-with-zucchini-feta-and-fried-lemon?smid=nytcore-ios-share,1564743017,,unread
ultimate zucchini bread – smitten kitchen,https://smittenkitchen.com/2019/08/ultimate-zucchini-bread/,1596296844,,unread
Vaguely Vietnamese Slow Cooker Pork Tacos Recipe - NYT Cooking,https://cooking.nytimes.com/recipes/1017230-vaguely-vietnamese-slow-cooker-pork-tacos?action=click&module=Collection%20Page%20Recipe%20Card&region=25%20Amazing%20Slow%20Cooker%20Recipes&pgType=collection&rank=17,1567778105,,unread
https://cooking.nytimes.com/recipes/1019695-slow-cooker-coconut-curry-soup-with-sweet-potato-and-kale?smid=ck-recipe-iOS-share,https://cooking.nytimes.com/recipes/1019695-slow-cooker-coconut-curry-soup-with-sweet-potato-and-kale?smid=ck-recipe-iOS-share,1566329050,,unread
https://cooking.nytimes.com/recipes/1018803-slow-cooker-butter-chicken?smid=ck-recipe-iOS-share,https://cooking.nytimes.com/recipes/1018803-slow-cooker-butter-chicken?smid=ck-recipe-iOS-share,1566926894,,unread
https://cooking.nytimes.com/recipes/1020336-arugula-salad-with-peaches-goat-cheese-and-basil?smid=ck-recipe-iOS-share,https://cooking.nytimes.com/recipes/1020336-arugula-salad-with-peaches-goat-cheese-and-basil?smid=ck-recipe-iOS-share,1568465005,,unread
https://cooking.nytimes.com/recipes/1020453-crisp-gnocchi-with-brussels-sprouts-and-brown-butter?smid=ck-recipe-iOS-share,https://cooking.nytimes.com/recipes/1020453-crisp-gnocchi-with-brussels-sprouts-and-brown-butter?smid=ck-recipe-iOS-share,1569622785,,unread
https://cooking.nytimes.com/recipes/4203-sloppy-joes?smid=ck-recipe-iOS-share,https://cooking.nytimes.com/recipes/4203-sloppy-joes?smid=ck-recipe-iOS-share,1568464796,,unread
Roast Chicken With Maple Butter and Rosemary Recipe - NYT Cooking,https://cooking.nytimes.com/recipes/1019624-roast-chicken-with-maple-butter-and-rosemary?action=click&module=Collection%20Page%20Recipe%20Card&region=Our%2010%20Most%20Popular%20Recipes%20Right%20Now&pgType=collection&rank=1,1568475480,,unread
Slow Cooker Chicken Tortellini Tomato Soup Recipe - NYT Cooking,https://cooking.nytimes.com/recipes/1020481-slow-cooker-chicken-tortellini-tomato-soup?action=click&module=Global%20Search%20Recipe%20Card&pgType=search&rank=21,1570302285,,unread
https://cooking.nytimes.com/recipes/1017360-pan-roasted-fish-fillets-with-herb-butter?smid=ck-recipe-iOS-share,https://cooking.nytimes.com/recipes/1017360-pan-roasted-fish-fillets-with-herb-butter?smid=ck-recipe-iOS-share,1573326610,,unread
skillet ravioli with spinach – smitten kitchen,https://smittenkitchen.com/2019/10/skillet-ravioli-with-spinach/,1600535576,,unread
https://www.nytimes.com/2019/11/15/dining/grated-pie-crust.html?smid=nytcore-ios-share,https://www.nytimes.com/2019/11/15/dining/grated-pie-crust.html?smid=nytcore-ios-share,1574094900,,unread
https://cooking.nytimes.com/recipes/1017201-chocolate-ice-cream-profiteroles?smid=ck-recipe-iOS-share,https://cooking.nytimes.com/recipes/1017201-chocolate-ice-cream-profiteroles?smid=ck-recipe-iOS-share,1680878417,,unread
https://cooking.nytimes.com/recipes/1020669-slow-cooker-salsa-verde-chicken?smid=ck-recipe-iOS-share,https://cooking.nytimes.com/recipes/1020669-slow-cooker-salsa-verde-chicken?smid=ck-recipe-iOS-share,1596983930,,unread
Classic Mashed Potatoes Recipe - NYT Cooking,https://cooking.nytimes.com/recipes/1016898-classic-mashed-potatoes?gclid=EAIaIQobChMIzpr46Lnq5gIVg8DACh2IsgvsEAMYASAAEgLtzfD_BwE&gclsrc=aw.ds,1578165815,,unread
https://www.isabeleats.com/how-to-cook-canned-black-beans/,https://www.isabeleats.com/how-to-cook-canned-black-beans/,1597875667,,unread
Slow-Cooker Pork Carnitas Recipe | Food Network Kitchen | Food Network,https://www.foodnetwork.com/recipes/food-network-kitchen/slow-cooker-pork-carnitas-8057874,1611414145,,unread
Shrimp Scampi With Orzo Recipe - NYT Cooking,https://cooking.nytimes.com/recipes/1020330-shrimp-scampi-with-orzo,1581784359,,unread
https://cooking.nytimes.com/recipes/1020892-salmon-with-whole-lemon-dressing?smid=ck-recipe-iOS-share,https://cooking.nytimes.com/recipes/1020892-salmon-with-whole-lemon-dressing?smid=ck-recipe-iOS-share,1589127043,,unread
https://cooking.nytimes.com/recipes/7216-pepper-fried-rice?smid=ck-recipe-iOS-share,https://cooking.nytimes.com/recipes/7216-pepper-fried-rice?smid=ck-recipe-iOS-share,1584820425,,unread
https://cooking.nytimes.com/recipes/1020946-pantry-crumb-cake?referringSource=articleShare,https://cooking.nytimes.com/recipes/1020946-pantry-crumb-cake?referringSource=articleShare,1585133200,,unread
https://thesaltymarshmallow.com/homemade-hashbrowns/,https://thesaltymarshmallow.com/homemade-hashbrowns/,1585133214,,unread
https://cooking.nytimes.com/recipes/1020012-new-mexican-hot-dish?smid=ck-recipe-iOS-share,https://cooking.nytimes.com/recipes/1020012-new-mexican-hot-dish?smid=ck-recipe-iOS-share,1679647761,,unread
https://cooking.nytimes.com/recipes/6791-pasta-frittata?smid=ck-recipe-iOS-share,https://cooking.nytimes.com/recipes/6791-pasta-frittata?smid=ck-recipe-iOS-share,1589642426,,unread
https://cooking.nytimes.com/recipes/1018025-sourdough-pancake-or-waffle-batter?smid=ck-recipe-iOS-share,https://cooking.nytimes.com/recipes/1018025-sourdough-pancake-or-waffle-batter?smid=ck-recipe-iOS-share,1586558356,,unread
https://cooking.nytimes.com/recipes/1020997-blistered-broccoli-pasta-with-walnuts-pecorino-and-mint?smid=ck-recipe-iOS-share,https://cooking.nytimes.com/recipes/1020997-blistered-broccoli-pasta-with-walnuts-pecorino-and-mint?smid=ck-recipe-iOS-share,1590357652,,unread
Lobster Roll Recipe - Dinner at the Zoo,https://www.dinneratthezoo.com/lobster-roll-recipe/,1622560366,,unread
https://www.kingarthurbaking.com/recipes/crispy-cheesy-pan-pizza-recipe,https://www.kingarthurbaking.com/recipes/crispy-cheesy-pan-pizza-recipe,1646690852,,unread
Chewy Chocolate Chip Cookie Bars | King Arthur Baking,https://www.kingarthurbaking.com/recipes/chewy-chocolate-chip-cookie-bars-recipe,1624031743,,unread
Grilled Potatoes With Red Miso Butter Recipe Recipe | Epicurious,https://www.epicurious.com/recipes/food/views/grilled-potatoes-with-red-miso-butter,1631294900,,unread
Classic American Salt-Rising Bread,https://www.kingarthurbaking.com/recipes/classic-american-salt-rising-bread-recipe,1724507889,,unread
https://cooking.nytimes.com/recipes/1021289-carne-asada-lorenza?smid=ck-recipe-iOS-share,https://cooking.nytimes.com/recipes/1021289-carne-asada-lorenza?smid=ck-recipe-iOS-share,1631969774,,unread
Apple Pie Filling Recipe - NYT Cooking,https://cooking.nytimes.com/recipes/1021576-apple-pie-filling,1665876166,,unread
Sheet Pan Sausage & Potatoes,https://thegourmetrd.com/sheet-pan-sausage-potatoes/,1615044880,,unread
https://www.delish.com/cooking/recipe-ideas/a34498925/hasselback-potatoes-recipe/,https://www.delish.com/cooking/recipe-ideas/a34498925/hasselback-potatoes-recipe/,1642950118,,unread
rigatoni alla vodka – smitten kitchen,https://smittenkitchen.com/2021/02/rigatoni-alla-vodka/,1619203439,,unread
Cheesy Taco Pasta,https://thegourmetrd.com/cheesy-taco-pasta/,1615335200,,unread
The Food Lab's Chocolate Chip Cookies Recipe,https://www.seriouseats.com/the-food-lab-best-chocolate-chip-cookie-recipe,1677180596,,unread
Korean-Inspired BBQ Chicken Skewers,https://thedefineddish.com/korean-inspired-bbq-chicken-skewers/,1689524328,recipies,unread
Chilaquiles Master Recipe,https://www.rickbayless.com/recipe/chilaquiles-master-recipe/,1721425694,,unread
https://imbibemagazine.com/recipe/ginger-rogers-cocktail/,https://imbibemagazine.com/recipe/ginger-rogers-cocktail/,1649241508,,unread
Pork Chops - Big Green Egg,https://biggreenegg.com/recipes/todd-richards-pork-chops/,1628898873,,unread
Magnolia’s Famous Banana Pudding Recipe | Food Network,https://www.foodnetwork.com/recipes/magnolias-famous-banana-pudding-11349640,1657364121,,unread
http://www.foodreference.com/html/pacific-salad-r719.html,http://www.foodreference.com/html/pacific-salad-r719.html,1631374800,,unread
https://www.delish.com/cooking/recipe-ideas/recipes/a19246/champagne-punch-recipe-mslo0512/,https://www.delish.com/cooking/recipe-ideas/recipes/a19246/champagne-punch-recipe-mslo0512/,1635599852,,unread
Brooklyn Salt : Eggy Popovers,http://brooklynsalt.blogspot.com/2013/02/eggy-popovers.html,1642807597,,unread
https://www.forkinthekitchen.com/stir-fry-sauce-recipe/,https://www.forkinthekitchen.com/stir-fry-sauce-recipe/,1663426743,,unread
HawaiiBanana.jpg (480×640),https://raw.githubusercontent.com/wwells/Recipies/master/HawaiiBanana.jpg,1647205031,,unread
https://github.com/wwells/Recipies/blob/master/BananaBread.png,https://github.com/wwells/Recipies/blob/master/BananaBread.png,1647782587,,unread
https://www.bonappetit.com/recipe/dutch-apple-pie-recipe,https://www.bonappetit.com/recipe/dutch-apple-pie-recipe,1665701562,,unread
"Grapefruit, Walnut, and Feta Salad",https://cook.me/recipe/grapefruit-walnut-feta-salad/,1692227362,,unread
Chicken with Creamy Rosemary Sauce,https://basilandbubbly.com/wprm_print/6233,1696185983,,unread
Strawberry Peach Smoothie,https://lanesouthernorchards.com/blogs/recipes/strawberry-peach-smoothie,1724516247,,unread
Eggs Benedict,https://www.allrecipes.com/recipe/17205/eggs-benedict/,1727007637,,unread
Best Ever Tom Kha Gai Soup (Thai Coconut Chicken Soup),https://40aprons.com/tom-kha-soup-whole30/,1729529926,,unread
Easy Wonton Soup,https://www.allrecipes.com/recipe/279266/easy-wonton-soup/,1730569419,,unread
Fried Rice,https://www.gimmesomeoven.com/fried-rice-recipe/,1730638295,,unread
crispy sweet potato roast,https://smittenkitchen.com/2014/11/crispy-sweet-potato-roast/,1732290023,,unread
"Best Ever Sausage, Sage and Apple Stuffing",https://www.thecomfortofcooking.com/2014/11/best-ever-sausage-sage-apple-stuffing.html,1732291736,,unread
Spicy Garlic Green Beans,https://whatsgabycooking.com/spicy-garlic-green-beans/,1732291991,,unread
Easy Sausage Gravy,https://www.inspiredtaste.net/82080/sausage-gravy-recipe/,1732900865,,unread
Homemade Pasta,https://www.loveandlemons.com/homemade-pasta-recipe/,1735400972,,unread
https://cookthisagainmom.com/dr-pepper-surprise/,https://cookthisagainmom.com/dr-pepper-surprise/,1735401060,,unread
Beatty's Chocolate Cake,https://barefootcontessa.com/recipes/beattys-chocolate-cake,1740185424,,unread
